{
  "point_count": 9,
  "human_count": 2,
  "machine_count": 7,
  "unsure_count": 0,
  "human_ratio": 0.2222222222222222,
  "machine_ratio": 0.7777777777777778,
  "unsure_ratio": 0.0
}